{"v":"5.5.10","fr":29.9700012207031,"ip":0,"op":83.0000033806593,"w":190,"h":150,"nm":"desembolso","ddd":0,"assets":[],"layers":[{"ddd":0,"ind":1,"ty":4,"nm":"BILL 6","sr":1,"ks":{"o":{"a":0,"k":100,"ix":11},"r":{"a":0,"k":0,"ix":10},"p":{"a":1,"k":[{"i":{"x":0.833,"y":1},"o":{"x":1,"y":0},"t":5,"s":[95,-30,0],"to":[0,21.4,0],"ti":[0,-21.4,0]},{"i":{"x":0.833,"y":0.833},"o":{"x":0.167,"y":0.167},"t":24,"s":[95,98.4,0],"to":[0,0,0],"ti":[0,0,0]},{"i":{"x":0.833,"y":0.833},"o":{"x":1,"y":0},"t":62,"s":[95,98.4,0],"to":[0,14.383,0],"ti":[0,-14.383,0]},{"t":77.0000031362743,"s":[95,184.7,0]}],"ix":2},"a":{"a":0,"k":[473.5,285,0],"ix":1},"s":{"a":0,"k":[10.8,10.8,100],"ix":6}},"ao":0,"shapes":[{"ty":"gr","it":[{"ind":0,"ty":"sh","ix":1,"ks":{"a":0,"k":{"i":[[10.982,-6.401],[0,0],[0,0],[0,0],[15.433,-0.532],[13.383,4.268],[0,0],[-7.351,0.682],[-8.447,3.625],[11.901,4.3],[5.878,-0.291],[7.896,-2.544],[0,0],[13.763,-0.78],[11.442,4.135],[0.136,5.732],[-10.443,6.17],[0,0],[0,0],[0,0],[-13.923,0.367],[-12.189,-3.694],[0,0],[6.57,-0.468],[7.189,-3.085],[0.619,-2.617],[-5.492,-1.985],[-6.161,0.473],[-8.948,2.874],[0,0],[-13.3,0.521],[-11.444,-4.136],[0.043,-5.808]],"o":[[0,0],[0,0],[0,0],[-15.156,5.177],[-15.432,0.531],[0,0],[8.708,2.295],[7.352,-0.681],[15.455,-6.631],[-5.341,-1.931],[-5.877,0.291],[0,0],[-17.384,5.651],[-13.762,0.78],[-11.292,-4.08],[-0.136,-5.731],[0,0],[0,0],[0,0],[13.818,-4.241],[13.925,-0.367],[0,0],[-7.278,-2.062],[-6.568,0.466],[-6.649,2.854],[-0.619,2.618],[4.883,1.765],[6.16,-0.473],[0,0],[15.614,-5.012],[13.3,-0.521],[12.207,4.411],[-0.045,5.808]],"v":[[83.917,18.939],[105.43,26.714],[77.667,38.629],[56.61,31.019],[10.726,39.583],[-32.497,33.978],[-1.498,20.674],[22.59,23.093],[46.286,16.633],[51.616,0.235],[34.788,-2.224],[14.128,2.029],[-1.142,6.953],[-47.862,16.599],[-85.67,11.566],[-102.811,-3.152],[-87.349,-21.004],[-105.43,-27.538],[-77.666,-39.452],[-59.356,-32.836],[-17.745,-39.747],[21.425,-34.755],[-10.384,-21.105],[-31.157,-23.497],[-51.793,-18.17],[-62.695,-9.964],[-55.384,-3.06],[-38.818,-1.122],[-16.156,-6.143],[1.727,-11.828],[45.098,-20.127],[82.214,-14.705],[100.458,0.624]],"c":true},"ix":2},"nm":"Path 1","mn":"ADBE Vector Shape - Group","hd":false},{"ty":"fl","c":{"a":0,"k":[0.067487559599,0.222550680123,0.15442460004,1],"ix":4},"o":{"a":0,"k":100,"ix":5},"r":1,"bm":0,"nm":"Fill 1","mn":"ADBE Vector Graphic - Fill","hd":false},{"ty":"tr","p":{"a":0,"k":[475.192,279.277],"ix":2},"a":{"a":0,"k":[0,0],"ix":1},"s":{"a":0,"k":[100,100],"ix":3},"r":{"a":0,"k":0,"ix":6},"o":{"a":0,"k":100,"ix":7},"sk":{"a":0,"k":0,"ix":4},"sa":{"a":0,"k":0,"ix":5},"nm":"Transform"}],"nm":"Group 1","np":2,"cix":2,"bm":0,"ix":1,"mn":"ADBE Vector Group","hd":false},{"ty":"gr","it":[{"ind":0,"ty":"sh","ix":1,"ks":{"a":0,"k":{"i":[[8.756,-5.054],[10.112,5.838],[-8.758,5.054],[-10.111,-5.838]],"o":[[-8.757,5.057],[-10.111,-5.837],[8.757,-5.057],[10.112,5.838]],"v":[[-157.923,103.83],[-192.087,102.414],[-194.539,82.691],[-160.376,84.106]],"c":true},"ix":2},"nm":"Path 1","mn":"ADBE Vector Shape - Group","hd":false},{"ind":1,"ty":"sh","ix":2,"ks":{"a":0,"k":{"i":[[8.757,-5.055],[10.111,5.838],[-8.755,5.054],[-10.112,-5.837]],"o":[[-8.757,5.056],[-10.113,-5.84],[8.757,-5.057],[10.111,5.838]],"v":[[180.697,-91.265],[146.534,-92.681],[144.08,-112.405],[178.245,-110.99]],"c":true},"ix":2},"nm":"Path 2","mn":"ADBE Vector Shape - Group","hd":false},{"ind":2,"ty":"sh","ix":3,"ks":{"a":0,"k":{"i":[[0,0],[0.955,0.551],[15.308,-7.889],[0,0],[17.262,9.966],[0.904,0.454],[0,0],[-0.907,-0.524],[-15.303,7.904],[0,0],[-17.015,-9.824],[-1.049,-0.516]],"o":[[-0.862,-0.58],[-16.929,-9.775],[0,0],[14.576,-8.772],[-0.863,-0.498],[0,0],[0.822,0.55],[16.939,9.78],[0,0],[-13.897,8.821],[0.995,0.574],[0,0]],"v":[[-126.144,181.9],[-128.86,180.199],[-186.442,176.99],[-306.481,107.834],[-311.202,74.078],[-313.86,72.656],[126.729,-182.262],[129.313,-180.648],[186.921,-177.453],[307.234,-107.99],[312.578,-74.615],[315.65,-72.983]],"c":true},"ix":2},"nm":"Path 3","mn":"ADBE Vector Shape - Group","hd":false},{"ind":3,"ty":"sh","ix":4,"ks":{"a":0,"k":{"i":[[0,0],[0.174,0.1],[0.182,0.102],[0,0],[0,0],[0.046,-0.027],[0.047,-0.027],[0,0],[0,0],[0,0]],"o":[[-0.17,-0.102],[-0.18,-0.104],[0,0],[0,0],[-0.048,0.027],[-0.047,0.027],[0,0],[0,0],[0,0],[0,0]],"v":[[184.57,-211.953],[184.064,-212.259],[183.515,-212.562],[152.43,-230.494],[125.223,-214.782],[125.079,-214.704],[124.942,-214.62],[-399.355,88.153],[-152.333,230.494],[399.355,-88.051]],"c":true},"ix":2},"nm":"Path 4","mn":"ADBE Vector Shape - Group","hd":false},{"ty":"mm","mm":1,"nm":"Merge Paths 1","mn":"ADBE Vector Filter - Merge","hd":false},{"ty":"fl","c":{"a":0,"k":[0.995645500632,0.892091220033,0.726456406537,1],"ix":4},"o":{"a":0,"k":100,"ix":5},"r":1,"bm":0,"nm":"Fill 1","mn":"ADBE Vector Graphic - Fill","hd":false},{"ty":"tr","p":{"a":0,"k":[473.244,278.872],"ix":2},"a":{"a":0,"k":[0,0],"ix":1},"s":{"a":0,"k":[100,100],"ix":3},"r":{"a":0,"k":0,"ix":6},"o":{"a":0,"k":100,"ix":7},"sk":{"a":0,"k":0,"ix":4},"sa":{"a":0,"k":0,"ix":5},"nm":"Transform"}],"nm":"Group 2","np":6,"cix":2,"bm":0,"ix":2,"mn":"ADBE Vector Group","hd":false},{"ty":"gr","it":[{"ind":0,"ty":"sh","ix":1,"ks":{"a":0,"k":{"i":[[0,0],[0,0],[0,0],[0,0]],"o":[[0,0],[0,0],[0,0],[0,0]],"v":[[341.207,-87.838],[152.07,-197.037],[-341.207,88.366],[-152.574,197.037]],"c":true},"ix":2},"nm":"Path 1","mn":"ADBE Vector Shape - Group","hd":false},{"ty":"fl","c":{"a":0,"k":[0.30296681722,0.706208651674,0.490970117906,1],"ix":4},"o":{"a":0,"k":100,"ix":5},"r":1,"bm":0,"nm":"Fill 1","mn":"ADBE Vector Graphic - Fill","hd":false},{"ty":"tr","p":{"a":0,"k":[473.806,278.659],"ix":2},"a":{"a":0,"k":[0,0],"ix":1},"s":{"a":0,"k":[100,100],"ix":3},"r":{"a":0,"k":0,"ix":6},"o":{"a":0,"k":100,"ix":7},"sk":{"a":0,"k":0,"ix":4},"sa":{"a":0,"k":0,"ix":5},"nm":"Transform"}],"nm":"Group 3","np":2,"cix":2,"bm":0,"ix":3,"mn":"ADBE Vector Group","hd":false},{"ty":"gr","it":[{"ind":0,"ty":"sh","ix":1,"ks":{"a":0,"k":{"i":[[0,0],[0,0],[0,0],[0,0],[0,0]],"o":[[0,0],[0,0],[0,0],[0,0],[0,0]],"v":[[-345.844,152.548],[-457.585,87.958],[152.527,-264.291],[457.585,-88.166],[-152.528,264.291]],"c":true},"ix":2},"nm":"Path 1","mn":"ADBE Vector Shape - Group","hd":false},{"ty":"fl","c":{"a":0,"k":[0.213344244863,0.621888224284,0.390636788163,1],"ix":4},"o":{"a":0,"k":100,"ix":5},"r":1,"bm":0,"nm":"Fill 1","mn":"ADBE Vector Graphic - Fill","hd":false},{"ty":"tr","p":{"a":0,"k":[473.113,278.987],"ix":2},"a":{"a":0,"k":[0,0],"ix":1},"s":{"a":0,"k":[100,100],"ix":3},"r":{"a":0,"k":0,"ix":6},"o":{"a":0,"k":100,"ix":7},"sk":{"a":0,"k":0,"ix":4},"sa":{"a":0,"k":0,"ix":5},"nm":"Transform"}],"nm":"Group 4","np":2,"cix":2,"bm":0,"ix":4,"mn":"ADBE Vector Group","hd":false},{"ty":"gr","it":[{"ind":0,"ty":"sh","ix":1,"ks":{"a":0,"k":{"i":[[0,0],[0,0],[0,0],[0,0]],"o":[[0,0],[0,0],[0,0],[0,0]],"v":[[305.057,-182.499],[305.057,-168.93],[-305.056,182.499],[-305.056,169.958]],"c":true},"ix":2},"nm":"Path 1","mn":"ADBE Vector Shape - Group","hd":false},{"ty":"fl","c":{"a":0,"k":[0.126874721751,0.40214101754,0.263969780417,1],"ix":4},"o":{"a":0,"k":100,"ix":5},"r":1,"bm":0,"nm":"Fill 1","mn":"ADBE Vector Graphic - Fill","hd":false},{"ty":"tr","p":{"a":0,"k":[625.641,373.32],"ix":2},"a":{"a":0,"k":[0,0],"ix":1},"s":{"a":0,"k":[100,100],"ix":3},"r":{"a":0,"k":0,"ix":6},"o":{"a":0,"k":100,"ix":7},"sk":{"a":0,"k":0,"ix":4},"sa":{"a":0,"k":0,"ix":5},"nm":"Transform"}],"nm":"Group 5","np":2,"cix":2,"bm":0,"ix":5,"mn":"ADBE Vector Group","hd":false},{"ty":"gr","it":[{"ind":0,"ty":"sh","ix":1,"ks":{"a":0,"k":{"i":[[0,0],[0,0],[0,0],[0,0],[0,0],[0,0]],"o":[[0,0],[0,0],[0,0],[0,0],[0,0],[0,0]],"v":[[457.585,-94.436],[457.585,-80.867],[-152.528,270.562],[-457.585,94.649],[-457.585,81.688],[152.527,-270.562]],"c":true},"ix":2},"nm":"Path 1","mn":"ADBE Vector Shape - Group","hd":false},{"ty":"fl","c":{"a":0,"k":[0.067487559599,0.222550680123,0.15442460004,1],"ix":4},"o":{"a":0,"k":100,"ix":5},"r":1,"bm":0,"nm":"Fill 1","mn":"ADBE Vector Graphic - Fill","hd":false},{"ty":"tr","p":{"a":0,"k":[473.113,285.257],"ix":2},"a":{"a":0,"k":[0,0],"ix":1},"s":{"a":0,"k":[100,100],"ix":3},"r":{"a":0,"k":0,"ix":6},"o":{"a":0,"k":100,"ix":7},"sk":{"a":0,"k":0,"ix":4},"sa":{"a":0,"k":0,"ix":5},"nm":"Transform"}],"nm":"Group 6","np":2,"cix":2,"bm":0,"ix":6,"mn":"ADBE Vector Group","hd":false}],"ip":5.00000020365417,"op":186.000007575935,"st":5.00000020365417,"bm":0},{"ddd":0,"ind":2,"ty":4,"nm":"BILL 5","sr":1,"ks":{"o":{"a":0,"k":100,"ix":11},"r":{"a":0,"k":0,"ix":10},"p":{"a":1,"k":[{"i":{"x":0.833,"y":1},"o":{"x":1,"y":0},"t":4,"s":[95,-30,0],"to":[0,22.025,0],"ti":[0,-22.025,0]},{"i":{"x":0.833,"y":0.833},"o":{"x":0.167,"y":0.167},"t":23,"s":[95,102.15,0],"to":[0,0,0],"ti":[0,0,0]},{"i":{"x":0.833,"y":0.833},"o":{"x":1,"y":0},"t":61,"s":[95,102.15,0],"to":[0,13.758,0],"ti":[0,-13.758,0]},{"t":76.0000030955435,"s":[95,184.7,0]}],"ix":2},"a":{"a":0,"k":[473.5,285,0],"ix":1},"s":{"a":0,"k":[10.8,10.8,100],"ix":6}},"ao":0,"shapes":[{"ty":"gr","it":[{"ind":0,"ty":"sh","ix":1,"ks":{"a":0,"k":{"i":[[10.982,-6.401],[0,0],[0,0],[0,0],[15.433,-0.532],[13.383,4.268],[0,0],[-7.351,0.682],[-8.447,3.625],[11.901,4.3],[5.878,-0.291],[7.896,-2.544],[0,0],[13.763,-0.78],[11.442,4.135],[0.136,5.732],[-10.443,6.17],[0,0],[0,0],[0,0],[-13.923,0.367],[-12.189,-3.694],[0,0],[6.57,-0.468],[7.189,-3.085],[0.619,-2.617],[-5.492,-1.985],[-6.161,0.473],[-8.948,2.874],[0,0],[-13.3,0.521],[-11.444,-4.136],[0.043,-5.808]],"o":[[0,0],[0,0],[0,0],[-15.156,5.177],[-15.432,0.531],[0,0],[8.708,2.295],[7.352,-0.681],[15.455,-6.631],[-5.341,-1.931],[-5.877,0.291],[0,0],[-17.384,5.651],[-13.762,0.78],[-11.292,-4.08],[-0.136,-5.731],[0,0],[0,0],[0,0],[13.818,-4.241],[13.925,-0.367],[0,0],[-7.278,-2.062],[-6.568,0.466],[-6.649,2.854],[-0.619,2.618],[4.883,1.765],[6.16,-0.473],[0,0],[15.614,-5.012],[13.3,-0.521],[12.207,4.411],[-0.045,5.808]],"v":[[83.917,18.939],[105.43,26.714],[77.667,38.629],[56.61,31.019],[10.726,39.583],[-32.497,33.978],[-1.498,20.674],[22.59,23.093],[46.286,16.633],[51.616,0.235],[34.788,-2.224],[14.128,2.029],[-1.142,6.953],[-47.862,16.599],[-85.67,11.566],[-102.811,-3.152],[-87.349,-21.004],[-105.43,-27.538],[-77.666,-39.452],[-59.356,-32.836],[-17.745,-39.747],[21.425,-34.755],[-10.384,-21.105],[-31.157,-23.497],[-51.793,-18.17],[-62.695,-9.964],[-55.384,-3.06],[-38.818,-1.122],[-16.156,-6.143],[1.727,-11.828],[45.098,-20.127],[82.214,-14.705],[100.458,0.624]],"c":true},"ix":2},"nm":"Path 1","mn":"ADBE Vector Shape - Group","hd":false},{"ty":"fl","c":{"a":0,"k":[0.067487559599,0.222550680123,0.15442460004,1],"ix":4},"o":{"a":0,"k":100,"ix":5},"r":1,"bm":0,"nm":"Fill 1","mn":"ADBE Vector Graphic - Fill","hd":false},{"ty":"tr","p":{"a":0,"k":[475.192,279.277],"ix":2},"a":{"a":0,"k":[0,0],"ix":1},"s":{"a":0,"k":[100,100],"ix":3},"r":{"a":0,"k":0,"ix":6},"o":{"a":0,"k":100,"ix":7},"sk":{"a":0,"k":0,"ix":4},"sa":{"a":0,"k":0,"ix":5},"nm":"Transform"}],"nm":"Group 1","np":2,"cix":2,"bm":0,"ix":1,"mn":"ADBE Vector Group","hd":false},{"ty":"gr","it":[{"ind":0,"ty":"sh","ix":1,"ks":{"a":0,"k":{"i":[[8.756,-5.054],[10.112,5.838],[-8.758,5.054],[-10.111,-5.838]],"o":[[-8.757,5.057],[-10.111,-5.837],[8.757,-5.057],[10.112,5.838]],"v":[[-157.923,103.83],[-192.087,102.414],[-194.539,82.691],[-160.376,84.106]],"c":true},"ix":2},"nm":"Path 1","mn":"ADBE Vector Shape - Group","hd":false},{"ind":1,"ty":"sh","ix":2,"ks":{"a":0,"k":{"i":[[8.757,-5.055],[10.111,5.838],[-8.755,5.054],[-10.112,-5.837]],"o":[[-8.757,5.056],[-10.113,-5.84],[8.757,-5.057],[10.111,5.838]],"v":[[180.697,-91.265],[146.534,-92.681],[144.08,-112.405],[178.245,-110.99]],"c":true},"ix":2},"nm":"Path 2","mn":"ADBE Vector Shape - Group","hd":false},{"ind":2,"ty":"sh","ix":3,"ks":{"a":0,"k":{"i":[[0,0],[0.955,0.551],[15.308,-7.889],[0,0],[17.262,9.966],[0.904,0.454],[0,0],[-0.907,-0.524],[-15.303,7.904],[0,0],[-17.015,-9.824],[-1.049,-0.516]],"o":[[-0.862,-0.58],[-16.929,-9.775],[0,0],[14.576,-8.772],[-0.863,-0.498],[0,0],[0.822,0.55],[16.939,9.78],[0,0],[-13.897,8.821],[0.995,0.574],[0,0]],"v":[[-126.144,181.9],[-128.86,180.199],[-186.442,176.99],[-306.481,107.834],[-311.202,74.078],[-313.86,72.656],[126.729,-182.262],[129.313,-180.648],[186.921,-177.453],[307.234,-107.99],[312.578,-74.615],[315.65,-72.983]],"c":true},"ix":2},"nm":"Path 3","mn":"ADBE Vector Shape - Group","hd":false},{"ind":3,"ty":"sh","ix":4,"ks":{"a":0,"k":{"i":[[0,0],[0.174,0.1],[0.182,0.102],[0,0],[0,0],[0.046,-0.027],[0.047,-0.027],[0,0],[0,0],[0,0]],"o":[[-0.17,-0.102],[-0.18,-0.104],[0,0],[0,0],[-0.048,0.027],[-0.047,0.027],[0,0],[0,0],[0,0],[0,0]],"v":[[184.57,-211.953],[184.064,-212.259],[183.515,-212.562],[152.43,-230.494],[125.223,-214.782],[125.079,-214.704],[124.942,-214.62],[-399.355,88.153],[-152.333,230.494],[399.355,-88.051]],"c":true},"ix":2},"nm":"Path 4","mn":"ADBE Vector Shape - Group","hd":false},{"ty":"mm","mm":1,"nm":"Merge Paths 1","mn":"ADBE Vector Filter - Merge","hd":false},{"ty":"fl","c":{"a":0,"k":[0.995645500632,0.892091220033,0.726456406537,1],"ix":4},"o":{"a":0,"k":100,"ix":5},"r":1,"bm":0,"nm":"Fill 1","mn":"ADBE Vector Graphic - Fill","hd":false},{"ty":"tr","p":{"a":0,"k":[473.244,278.872],"ix":2},"a":{"a":0,"k":[0,0],"ix":1},"s":{"a":0,"k":[100,100],"ix":3},"r":{"a":0,"k":0,"ix":6},"o":{"a":0,"k":100,"ix":7},"sk":{"a":0,"k":0,"ix":4},"sa":{"a":0,"k":0,"ix":5},"nm":"Transform"}],"nm":"Group 2","np":6,"cix":2,"bm":0,"ix":2,"mn":"ADBE Vector Group","hd":false},{"ty":"gr","it":[{"ind":0,"ty":"sh","ix":1,"ks":{"a":0,"k":{"i":[[0,0],[0,0],[0,0],[0,0]],"o":[[0,0],[0,0],[0,0],[0,0]],"v":[[341.207,-87.838],[152.07,-197.037],[-341.207,88.366],[-152.574,197.037]],"c":true},"ix":2},"nm":"Path 1","mn":"ADBE Vector Shape - Group","hd":false},{"ty":"fl","c":{"a":0,"k":[0.30296681722,0.706208651674,0.490970117906,1],"ix":4},"o":{"a":0,"k":100,"ix":5},"r":1,"bm":0,"nm":"Fill 1","mn":"ADBE Vector Graphic - Fill","hd":false},{"ty":"tr","p":{"a":0,"k":[473.806,278.659],"ix":2},"a":{"a":0,"k":[0,0],"ix":1},"s":{"a":0,"k":[100,100],"ix":3},"r":{"a":0,"k":0,"ix":6},"o":{"a":0,"k":100,"ix":7},"sk":{"a":0,"k":0,"ix":4},"sa":{"a":0,"k":0,"ix":5},"nm":"Transform"}],"nm":"Group 3","np":2,"cix":2,"bm":0,"ix":3,"mn":"ADBE Vector Group","hd":false},{"ty":"gr","it":[{"ind":0,"ty":"sh","ix":1,"ks":{"a":0,"k":{"i":[[0,0],[0,0],[0,0],[0,0],[0,0]],"o":[[0,0],[0,0],[0,0],[0,0],[0,0]],"v":[[-345.844,152.548],[-457.585,87.958],[152.527,-264.291],[457.585,-88.166],[-152.528,264.291]],"c":true},"ix":2},"nm":"Path 1","mn":"ADBE Vector Shape - Group","hd":false},{"ty":"fl","c":{"a":0,"k":[0.213344244863,0.621888224284,0.390636788163,1],"ix":4},"o":{"a":0,"k":100,"ix":5},"r":1,"bm":0,"nm":"Fill 1","mn":"ADBE Vector Graphic - Fill","hd":false},{"ty":"tr","p":{"a":0,"k":[473.113,278.987],"ix":2},"a":{"a":0,"k":[0,0],"ix":1},"s":{"a":0,"k":[100,100],"ix":3},"r":{"a":0,"k":0,"ix":6},"o":{"a":0,"k":100,"ix":7},"sk":{"a":0,"k":0,"ix":4},"sa":{"a":0,"k":0,"ix":5},"nm":"Transform"}],"nm":"Group 4","np":2,"cix":2,"bm":0,"ix":4,"mn":"ADBE Vector Group","hd":false},{"ty":"gr","it":[{"ind":0,"ty":"sh","ix":1,"ks":{"a":0,"k":{"i":[[0,0],[0,0],[0,0],[0,0]],"o":[[0,0],[0,0],[0,0],[0,0]],"v":[[305.057,-182.499],[305.057,-168.93],[-305.056,182.499],[-305.056,169.958]],"c":true},"ix":2},"nm":"Path 1","mn":"ADBE Vector Shape - Group","hd":false},{"ty":"fl","c":{"a":0,"k":[0.126874721751,0.40214101754,0.263969780417,1],"ix":4},"o":{"a":0,"k":100,"ix":5},"r":1,"bm":0,"nm":"Fill 1","mn":"ADBE Vector Graphic - Fill","hd":false},{"ty":"tr","p":{"a":0,"k":[625.641,373.32],"ix":2},"a":{"a":0,"k":[0,0],"ix":1},"s":{"a":0,"k":[100,100],"ix":3},"r":{"a":0,"k":0,"ix":6},"o":{"a":0,"k":100,"ix":7},"sk":{"a":0,"k":0,"ix":4},"sa":{"a":0,"k":0,"ix":5},"nm":"Transform"}],"nm":"Group 5","np":2,"cix":2,"bm":0,"ix":5,"mn":"ADBE Vector Group","hd":false},{"ty":"gr","it":[{"ind":0,"ty":"sh","ix":1,"ks":{"a":0,"k":{"i":[[0,0],[0,0],[0,0],[0,0],[0,0],[0,0]],"o":[[0,0],[0,0],[0,0],[0,0],[0,0],[0,0]],"v":[[457.585,-94.436],[457.585,-80.867],[-152.528,270.562],[-457.585,94.649],[-457.585,81.688],[152.527,-270.562]],"c":true},"ix":2},"nm":"Path 1","mn":"ADBE Vector Shape - Group","hd":false},{"ty":"fl","c":{"a":0,"k":[0.067487559599,0.222550680123,0.15442460004,1],"ix":4},"o":{"a":0,"k":100,"ix":5},"r":1,"bm":0,"nm":"Fill 1","mn":"ADBE Vector Graphic - Fill","hd":false},{"ty":"tr","p":{"a":0,"k":[473.113,285.257],"ix":2},"a":{"a":0,"k":[0,0],"ix":1},"s":{"a":0,"k":[100,100],"ix":3},"r":{"a":0,"k":0,"ix":6},"o":{"a":0,"k":100,"ix":7},"sk":{"a":0,"k":0,"ix":4},"sa":{"a":0,"k":0,"ix":5},"nm":"Transform"}],"nm":"Group 6","np":2,"cix":2,"bm":0,"ix":6,"mn":"ADBE Vector Group","hd":false}],"ip":4.00000016292334,"op":185.000007535204,"st":4.00000016292334,"bm":0},{"ddd":0,"ind":3,"ty":4,"nm":"BILL 4","sr":1,"ks":{"o":{"a":0,"k":100,"ix":11},"r":{"a":0,"k":0,"ix":10},"p":{"a":1,"k":[{"i":{"x":0.833,"y":1},"o":{"x":1,"y":0},"t":3,"s":[95,-30,0],"to":[0,22.65,0],"ti":[0,-22.65,0]},{"i":{"x":0.833,"y":0.833},"o":{"x":0.167,"y":0.167},"t":22,"s":[95,105.9,0],"to":[0,0,0],"ti":[0,0,0]},{"i":{"x":0.833,"y":0.833},"o":{"x":1,"y":0},"t":60,"s":[95,105.9,0],"to":[0,13.133,0],"ti":[0,-13.133,0]},{"t":75.0000030548126,"s":[95,184.7,0]}],"ix":2},"a":{"a":0,"k":[473.5,285,0],"ix":1},"s":{"a":0,"k":[10.8,10.8,100],"ix":6}},"ao":0,"shapes":[{"ty":"gr","it":[{"ind":0,"ty":"sh","ix":1,"ks":{"a":0,"k":{"i":[[10.982,-6.401],[0,0],[0,0],[0,0],[15.433,-0.532],[13.383,4.268],[0,0],[-7.351,0.682],[-8.447,3.625],[11.901,4.3],[5.878,-0.291],[7.896,-2.544],[0,0],[13.763,-0.78],[11.442,4.135],[0.136,5.732],[-10.443,6.17],[0,0],[0,0],[0,0],[-13.923,0.367],[-12.189,-3.694],[0,0],[6.57,-0.468],[7.189,-3.085],[0.619,-2.617],[-5.492,-1.985],[-6.161,0.473],[-8.948,2.874],[0,0],[-13.3,0.521],[-11.444,-4.136],[0.043,-5.808]],"o":[[0,0],[0,0],[0,0],[-15.156,5.177],[-15.432,0.531],[0,0],[8.708,2.295],[7.352,-0.681],[15.455,-6.631],[-5.341,-1.931],[-5.877,0.291],[0,0],[-17.384,5.651],[-13.762,0.78],[-11.292,-4.08],[-0.136,-5.731],[0,0],[0,0],[0,0],[13.818,-4.241],[13.925,-0.367],[0,0],[-7.278,-2.062],[-6.568,0.466],[-6.649,2.854],[-0.619,2.618],[4.883,1.765],[6.16,-0.473],[0,0],[15.614,-5.012],[13.3,-0.521],[12.207,4.411],[-0.045,5.808]],"v":[[83.917,18.939],[105.43,26.714],[77.667,38.629],[56.61,31.019],[10.726,39.583],[-32.497,33.978],[-1.498,20.674],[22.59,23.093],[46.286,16.633],[51.616,0.235],[34.788,-2.224],[14.128,2.029],[-1.142,6.953],[-47.862,16.599],[-85.67,11.566],[-102.811,-3.152],[-87.349,-21.004],[-105.43,-27.538],[-77.666,-39.452],[-59.356,-32.836],[-17.745,-39.747],[21.425,-34.755],[-10.384,-21.105],[-31.157,-23.497],[-51.793,-18.17],[-62.695,-9.964],[-55.384,-3.06],[-38.818,-1.122],[-16.156,-6.143],[1.727,-11.828],[45.098,-20.127],[82.214,-14.705],[100.458,0.624]],"c":true},"ix":2},"nm":"Path 1","mn":"ADBE Vector Shape - Group","hd":false},{"ty":"fl","c":{"a":0,"k":[0.067487559599,0.222550680123,0.15442460004,1],"ix":4},"o":{"a":0,"k":100,"ix":5},"r":1,"bm":0,"nm":"Fill 1","mn":"ADBE Vector Graphic - Fill","hd":false},{"ty":"tr","p":{"a":0,"k":[475.192,279.277],"ix":2},"a":{"a":0,"k":[0,0],"ix":1},"s":{"a":0,"k":[100,100],"ix":3},"r":{"a":0,"k":0,"ix":6},"o":{"a":0,"k":100,"ix":7},"sk":{"a":0,"k":0,"ix":4},"sa":{"a":0,"k":0,"ix":5},"nm":"Transform"}],"nm":"Group 1","np":2,"cix":2,"bm":0,"ix":1,"mn":"ADBE Vector Group","hd":false},{"ty":"gr","it":[{"ind":0,"ty":"sh","ix":1,"ks":{"a":0,"k":{"i":[[8.756,-5.054],[10.112,5.838],[-8.758,5.054],[-10.111,-5.838]],"o":[[-8.757,5.057],[-10.111,-5.837],[8.757,-5.057],[10.112,5.838]],"v":[[-157.923,103.83],[-192.087,102.414],[-194.539,82.691],[-160.376,84.106]],"c":true},"ix":2},"nm":"Path 1","mn":"ADBE Vector Shape - Group","hd":false},{"ind":1,"ty":"sh","ix":2,"ks":{"a":0,"k":{"i":[[8.757,-5.055],[10.111,5.838],[-8.755,5.054],[-10.112,-5.837]],"o":[[-8.757,5.056],[-10.113,-5.84],[8.757,-5.057],[10.111,5.838]],"v":[[180.697,-91.265],[146.534,-92.681],[144.08,-112.405],[178.245,-110.99]],"c":true},"ix":2},"nm":"Path 2","mn":"ADBE Vector Shape - Group","hd":false},{"ind":2,"ty":"sh","ix":3,"ks":{"a":0,"k":{"i":[[0,0],[0.955,0.551],[15.308,-7.889],[0,0],[17.262,9.966],[0.904,0.454],[0,0],[-0.907,-0.524],[-15.303,7.904],[0,0],[-17.015,-9.824],[-1.049,-0.516]],"o":[[-0.862,-0.58],[-16.929,-9.775],[0,0],[14.576,-8.772],[-0.863,-0.498],[0,0],[0.822,0.55],[16.939,9.78],[0,0],[-13.897,8.821],[0.995,0.574],[0,0]],"v":[[-126.144,181.9],[-128.86,180.199],[-186.442,176.99],[-306.481,107.834],[-311.202,74.078],[-313.86,72.656],[126.729,-182.262],[129.313,-180.648],[186.921,-177.453],[307.234,-107.99],[312.578,-74.615],[315.65,-72.983]],"c":true},"ix":2},"nm":"Path 3","mn":"ADBE Vector Shape - Group","hd":false},{"ind":3,"ty":"sh","ix":4,"ks":{"a":0,"k":{"i":[[0,0],[0.174,0.1],[0.182,0.102],[0,0],[0,0],[0.046,-0.027],[0.047,-0.027],[0,0],[0,0],[0,0]],"o":[[-0.17,-0.102],[-0.18,-0.104],[0,0],[0,0],[-0.048,0.027],[-0.047,0.027],[0,0],[0,0],[0,0],[0,0]],"v":[[184.57,-211.953],[184.064,-212.259],[183.515,-212.562],[152.43,-230.494],[125.223,-214.782],[125.079,-214.704],[124.942,-214.62],[-399.355,88.153],[-152.333,230.494],[399.355,-88.051]],"c":true},"ix":2},"nm":"Path 4","mn":"ADBE Vector Shape - Group","hd":false},{"ty":"mm","mm":1,"nm":"Merge Paths 1","mn":"ADBE Vector Filter - Merge","hd":false},{"ty":"fl","c":{"a":0,"k":[0.995645500632,0.892091220033,0.726456406537,1],"ix":4},"o":{"a":0,"k":100,"ix":5},"r":1,"bm":0,"nm":"Fill 1","mn":"ADBE Vector Graphic - Fill","hd":false},{"ty":"tr","p":{"a":0,"k":[473.244,278.872],"ix":2},"a":{"a":0,"k":[0,0],"ix":1},"s":{"a":0,"k":[100,100],"ix":3},"r":{"a":0,"k":0,"ix":6},"o":{"a":0,"k":100,"ix":7},"sk":{"a":0,"k":0,"ix":4},"sa":{"a":0,"k":0,"ix":5},"nm":"Transform"}],"nm":"Group 2","np":6,"cix":2,"bm":0,"ix":2,"mn":"ADBE Vector Group","hd":false},{"ty":"gr","it":[{"ind":0,"ty":"sh","ix":1,"ks":{"a":0,"k":{"i":[[0,0],[0,0],[0,0],[0,0]],"o":[[0,0],[0,0],[0,0],[0,0]],"v":[[341.207,-87.838],[152.07,-197.037],[-341.207,88.366],[-152.574,197.037]],"c":true},"ix":2},"nm":"Path 1","mn":"ADBE Vector Shape - Group","hd":false},{"ty":"fl","c":{"a":0,"k":[0.30296681722,0.706208651674,0.490970117906,1],"ix":4},"o":{"a":0,"k":100,"ix":5},"r":1,"bm":0,"nm":"Fill 1","mn":"ADBE Vector Graphic - Fill","hd":false},{"ty":"tr","p":{"a":0,"k":[473.806,278.659],"ix":2},"a":{"a":0,"k":[0,0],"ix":1},"s":{"a":0,"k":[100,100],"ix":3},"r":{"a":0,"k":0,"ix":6},"o":{"a":0,"k":100,"ix":7},"sk":{"a":0,"k":0,"ix":4},"sa":{"a":0,"k":0,"ix":5},"nm":"Transform"}],"nm":"Group 3","np":2,"cix":2,"bm":0,"ix":3,"mn":"ADBE Vector Group","hd":false},{"ty":"gr","it":[{"ind":0,"ty":"sh","ix":1,"ks":{"a":0,"k":{"i":[[0,0],[0,0],[0,0],[0,0],[0,0]],"o":[[0,0],[0,0],[0,0],[0,0],[0,0]],"v":[[-345.844,152.548],[-457.585,87.958],[152.527,-264.291],[457.585,-88.166],[-152.528,264.291]],"c":true},"ix":2},"nm":"Path 1","mn":"ADBE Vector Shape - Group","hd":false},{"ty":"fl","c":{"a":0,"k":[0.213344244863,0.621888224284,0.390636788163,1],"ix":4},"o":{"a":0,"k":100,"ix":5},"r":1,"bm":0,"nm":"Fill 1","mn":"ADBE Vector Graphic - Fill","hd":false},{"ty":"tr","p":{"a":0,"k":[473.113,278.987],"ix":2},"a":{"a":0,"k":[0,0],"ix":1},"s":{"a":0,"k":[100,100],"ix":3},"r":{"a":0,"k":0,"ix":6},"o":{"a":0,"k":100,"ix":7},"sk":{"a":0,"k":0,"ix":4},"sa":{"a":0,"k":0,"ix":5},"nm":"Transform"}],"nm":"Group 4","np":2,"cix":2,"bm":0,"ix":4,"mn":"ADBE Vector Group","hd":false},{"ty":"gr","it":[{"ind":0,"ty":"sh","ix":1,"ks":{"a":0,"k":{"i":[[0,0],[0,0],[0,0],[0,0]],"o":[[0,0],[0,0],[0,0],[0,0]],"v":[[305.057,-182.499],[305.057,-168.93],[-305.056,182.499],[-305.056,169.958]],"c":true},"ix":2},"nm":"Path 1","mn":"ADBE Vector Shape - Group","hd":false},{"ty":"fl","c":{"a":0,"k":[0.126874721751,0.40214101754,0.263969780417,1],"ix":4},"o":{"a":0,"k":100,"ix":5},"r":1,"bm":0,"nm":"Fill 1","mn":"ADBE Vector Graphic - Fill","hd":false},{"ty":"tr","p":{"a":0,"k":[625.641,373.32],"ix":2},"a":{"a":0,"k":[0,0],"ix":1},"s":{"a":0,"k":[100,100],"ix":3},"r":{"a":0,"k":0,"ix":6},"o":{"a":0,"k":100,"ix":7},"sk":{"a":0,"k":0,"ix":4},"sa":{"a":0,"k":0,"ix":5},"nm":"Transform"}],"nm":"Group 5","np":2,"cix":2,"bm":0,"ix":5,"mn":"ADBE Vector Group","hd":false},{"ty":"gr","it":[{"ind":0,"ty":"sh","ix":1,"ks":{"a":0,"k":{"i":[[0,0],[0,0],[0,0],[0,0],[0,0],[0,0]],"o":[[0,0],[0,0],[0,0],[0,0],[0,0],[0,0]],"v":[[457.585,-94.436],[457.585,-80.867],[-152.528,270.562],[-457.585,94.649],[-457.585,81.688],[152.527,-270.562]],"c":true},"ix":2},"nm":"Path 1","mn":"ADBE Vector Shape - Group","hd":false},{"ty":"fl","c":{"a":0,"k":[0.067487559599,0.222550680123,0.15442460004,1],"ix":4},"o":{"a":0,"k":100,"ix":5},"r":1,"bm":0,"nm":"Fill 1","mn":"ADBE Vector Graphic - Fill","hd":false},{"ty":"tr","p":{"a":0,"k":[473.113,285.257],"ix":2},"a":{"a":0,"k":[0,0],"ix":1},"s":{"a":0,"k":[100,100],"ix":3},"r":{"a":0,"k":0,"ix":6},"o":{"a":0,"k":100,"ix":7},"sk":{"a":0,"k":0,"ix":4},"sa":{"a":0,"k":0,"ix":5},"nm":"Transform"}],"nm":"Group 6","np":2,"cix":2,"bm":0,"ix":6,"mn":"ADBE Vector Group","hd":false}],"ip":3.00000012219251,"op":184.000007494474,"st":3.00000012219251,"bm":0},{"ddd":0,"ind":4,"ty":4,"nm":"BILL 3","sr":1,"ks":{"o":{"a":0,"k":100,"ix":11},"r":{"a":0,"k":0,"ix":10},"p":{"a":1,"k":[{"i":{"x":0.833,"y":1},"o":{"x":1,"y":0},"t":2,"s":[95,-30,0],"to":[0,23.25,0],"ti":[0,-23.25,0]},{"i":{"x":0.833,"y":0.833},"o":{"x":0.167,"y":0.167},"t":21,"s":[95,109.5,0],"to":[0,0,0],"ti":[0,0,0]},{"i":{"x":0.833,"y":0.833},"o":{"x":1,"y":0},"t":59,"s":[95,109.5,0],"to":[0,12.533,0],"ti":[0,-12.533,0]},{"t":74.0000030140818,"s":[95,184.7,0]}],"ix":2},"a":{"a":0,"k":[473.5,285,0],"ix":1},"s":{"a":0,"k":[10.8,10.8,100],"ix":6}},"ao":0,"shapes":[{"ty":"gr","it":[{"ind":0,"ty":"sh","ix":1,"ks":{"a":0,"k":{"i":[[10.982,-6.401],[0,0],[0,0],[0,0],[15.433,-0.532],[13.383,4.268],[0,0],[-7.351,0.682],[-8.447,3.625],[11.901,4.3],[5.878,-0.291],[7.896,-2.544],[0,0],[13.763,-0.78],[11.442,4.135],[0.136,5.732],[-10.443,6.17],[0,0],[0,0],[0,0],[-13.923,0.367],[-12.189,-3.694],[0,0],[6.57,-0.468],[7.189,-3.085],[0.619,-2.617],[-5.492,-1.985],[-6.161,0.473],[-8.948,2.874],[0,0],[-13.3,0.521],[-11.444,-4.136],[0.043,-5.808]],"o":[[0,0],[0,0],[0,0],[-15.156,5.177],[-15.432,0.531],[0,0],[8.708,2.295],[7.352,-0.681],[15.455,-6.631],[-5.341,-1.931],[-5.877,0.291],[0,0],[-17.384,5.651],[-13.762,0.78],[-11.292,-4.08],[-0.136,-5.731],[0,0],[0,0],[0,0],[13.818,-4.241],[13.925,-0.367],[0,0],[-7.278,-2.062],[-6.568,0.466],[-6.649,2.854],[-0.619,2.618],[4.883,1.765],[6.16,-0.473],[0,0],[15.614,-5.012],[13.3,-0.521],[12.207,4.411],[-0.045,5.808]],"v":[[83.917,18.939],[105.43,26.714],[77.667,38.629],[56.61,31.019],[10.726,39.583],[-32.497,33.978],[-1.498,20.674],[22.59,23.093],[46.286,16.633],[51.616,0.235],[34.788,-2.224],[14.128,2.029],[-1.142,6.953],[-47.862,16.599],[-85.67,11.566],[-102.811,-3.152],[-87.349,-21.004],[-105.43,-27.538],[-77.666,-39.452],[-59.356,-32.836],[-17.745,-39.747],[21.425,-34.755],[-10.384,-21.105],[-31.157,-23.497],[-51.793,-18.17],[-62.695,-9.964],[-55.384,-3.06],[-38.818,-1.122],[-16.156,-6.143],[1.727,-11.828],[45.098,-20.127],[82.214,-14.705],[100.458,0.624]],"c":true},"ix":2},"nm":"Path 1","mn":"ADBE Vector Shape - Group","hd":false},{"ty":"fl","c":{"a":0,"k":[0.067487559599,0.222550680123,0.15442460004,1],"ix":4},"o":{"a":0,"k":100,"ix":5},"r":1,"bm":0,"nm":"Fill 1","mn":"ADBE Vector Graphic - Fill","hd":false},{"ty":"tr","p":{"a":0,"k":[475.192,279.277],"ix":2},"a":{"a":0,"k":[0,0],"ix":1},"s":{"a":0,"k":[100,100],"ix":3},"r":{"a":0,"k":0,"ix":6},"o":{"a":0,"k":100,"ix":7},"sk":{"a":0,"k":0,"ix":4},"sa":{"a":0,"k":0,"ix":5},"nm":"Transform"}],"nm":"Group 1","np":2,"cix":2,"bm":0,"ix":1,"mn":"ADBE Vector Group","hd":false},{"ty":"gr","it":[{"ind":0,"ty":"sh","ix":1,"ks":{"a":0,"k":{"i":[[8.756,-5.054],[10.112,5.838],[-8.758,5.054],[-10.111,-5.838]],"o":[[-8.757,5.057],[-10.111,-5.837],[8.757,-5.057],[10.112,5.838]],"v":[[-157.923,103.83],[-192.087,102.414],[-194.539,82.691],[-160.376,84.106]],"c":true},"ix":2},"nm":"Path 1","mn":"ADBE Vector Shape - Group","hd":false},{"ind":1,"ty":"sh","ix":2,"ks":{"a":0,"k":{"i":[[8.757,-5.055],[10.111,5.838],[-8.755,5.054],[-10.112,-5.837]],"o":[[-8.757,5.056],[-10.113,-5.84],[8.757,-5.057],[10.111,5.838]],"v":[[180.697,-91.265],[146.534,-92.681],[144.08,-112.405],[178.245,-110.99]],"c":true},"ix":2},"nm":"Path 2","mn":"ADBE Vector Shape - Group","hd":false},{"ind":2,"ty":"sh","ix":3,"ks":{"a":0,"k":{"i":[[0,0],[0.955,0.551],[15.308,-7.889],[0,0],[17.262,9.966],[0.904,0.454],[0,0],[-0.907,-0.524],[-15.303,7.904],[0,0],[-17.015,-9.824],[-1.049,-0.516]],"o":[[-0.862,-0.58],[-16.929,-9.775],[0,0],[14.576,-8.772],[-0.863,-0.498],[0,0],[0.822,0.55],[16.939,9.78],[0,0],[-13.897,8.821],[0.995,0.574],[0,0]],"v":[[-126.144,181.9],[-128.86,180.199],[-186.442,176.99],[-306.481,107.834],[-311.202,74.078],[-313.86,72.656],[126.729,-182.262],[129.313,-180.648],[186.921,-177.453],[307.234,-107.99],[312.578,-74.615],[315.65,-72.983]],"c":true},"ix":2},"nm":"Path 3","mn":"ADBE Vector Shape - Group","hd":false},{"ind":3,"ty":"sh","ix":4,"ks":{"a":0,"k":{"i":[[0,0],[0.174,0.1],[0.182,0.102],[0,0],[0,0],[0.046,-0.027],[0.047,-0.027],[0,0],[0,0],[0,0]],"o":[[-0.17,-0.102],[-0.18,-0.104],[0,0],[0,0],[-0.048,0.027],[-0.047,0.027],[0,0],[0,0],[0,0],[0,0]],"v":[[184.57,-211.953],[184.064,-212.259],[183.515,-212.562],[152.43,-230.494],[125.223,-214.782],[125.079,-214.704],[124.942,-214.62],[-399.355,88.153],[-152.333,230.494],[399.355,-88.051]],"c":true},"ix":2},"nm":"Path 4","mn":"ADBE Vector Shape - Group","hd":false},{"ty":"mm","mm":1,"nm":"Merge Paths 1","mn":"ADBE Vector Filter - Merge","hd":false},{"ty":"fl","c":{"a":0,"k":[0.995645500632,0.892091220033,0.726456406537,1],"ix":4},"o":{"a":0,"k":100,"ix":5},"r":1,"bm":0,"nm":"Fill 1","mn":"ADBE Vector Graphic - Fill","hd":false},{"ty":"tr","p":{"a":0,"k":[473.244,278.872],"ix":2},"a":{"a":0,"k":[0,0],"ix":1},"s":{"a":0,"k":[100,100],"ix":3},"r":{"a":0,"k":0,"ix":6},"o":{"a":0,"k":100,"ix":7},"sk":{"a":0,"k":0,"ix":4},"sa":{"a":0,"k":0,"ix":5},"nm":"Transform"}],"nm":"Group 2","np":6,"cix":2,"bm":0,"ix":2,"mn":"ADBE Vector Group","hd":false},{"ty":"gr","it":[{"ind":0,"ty":"sh","ix":1,"ks":{"a":0,"k":{"i":[[0,0],[0,0],[0,0],[0,0]],"o":[[0,0],[0,0],[0,0],[0,0]],"v":[[341.207,-87.838],[152.07,-197.037],[-341.207,88.366],[-152.574,197.037]],"c":true},"ix":2},"nm":"Path 1","mn":"ADBE Vector Shape - Group","hd":false},{"ty":"fl","c":{"a":0,"k":[0.30296681722,0.706208651674,0.490970117906,1],"ix":4},"o":{"a":0,"k":100,"ix":5},"r":1,"bm":0,"nm":"Fill 1","mn":"ADBE Vector Graphic - Fill","hd":false},{"ty":"tr","p":{"a":0,"k":[473.806,278.659],"ix":2},"a":{"a":0,"k":[0,0],"ix":1},"s":{"a":0,"k":[100,100],"ix":3},"r":{"a":0,"k":0,"ix":6},"o":{"a":0,"k":100,"ix":7},"sk":{"a":0,"k":0,"ix":4},"sa":{"a":0,"k":0,"ix":5},"nm":"Transform"}],"nm":"Group 3","np":2,"cix":2,"bm":0,"ix":3,"mn":"ADBE Vector Group","hd":false},{"ty":"gr","it":[{"ind":0,"ty":"sh","ix":1,"ks":{"a":0,"k":{"i":[[0,0],[0,0],[0,0],[0,0],[0,0]],"o":[[0,0],[0,0],[0,0],[0,0],[0,0]],"v":[[-345.844,152.548],[-457.585,87.958],[152.527,-264.291],[457.585,-88.166],[-152.528,264.291]],"c":true},"ix":2},"nm":"Path 1","mn":"ADBE Vector Shape - Group","hd":false},{"ty":"fl","c":{"a":0,"k":[0.213344244863,0.621888224284,0.390636788163,1],"ix":4},"o":{"a":0,"k":100,"ix":5},"r":1,"bm":0,"nm":"Fill 1","mn":"ADBE Vector Graphic - Fill","hd":false},{"ty":"tr","p":{"a":0,"k":[473.113,278.987],"ix":2},"a":{"a":0,"k":[0,0],"ix":1},"s":{"a":0,"k":[100,100],"ix":3},"r":{"a":0,"k":0,"ix":6},"o":{"a":0,"k":100,"ix":7},"sk":{"a":0,"k":0,"ix":4},"sa":{"a":0,"k":0,"ix":5},"nm":"Transform"}],"nm":"Group 4","np":2,"cix":2,"bm":0,"ix":4,"mn":"ADBE Vector Group","hd":false},{"ty":"gr","it":[{"ind":0,"ty":"sh","ix":1,"ks":{"a":0,"k":{"i":[[0,0],[0,0],[0,0],[0,0]],"o":[[0,0],[0,0],[0,0],[0,0]],"v":[[305.057,-182.499],[305.057,-168.93],[-305.056,182.499],[-305.056,169.958]],"c":true},"ix":2},"nm":"Path 1","mn":"ADBE Vector Shape - Group","hd":false},{"ty":"fl","c":{"a":0,"k":[0.126874721751,0.40214101754,0.263969780417,1],"ix":4},"o":{"a":0,"k":100,"ix":5},"r":1,"bm":0,"nm":"Fill 1","mn":"ADBE Vector Graphic - Fill","hd":false},{"ty":"tr","p":{"a":0,"k":[625.641,373.32],"ix":2},"a":{"a":0,"k":[0,0],"ix":1},"s":{"a":0,"k":[100,100],"ix":3},"r":{"a":0,"k":0,"ix":6},"o":{"a":0,"k":100,"ix":7},"sk":{"a":0,"k":0,"ix":4},"sa":{"a":0,"k":0,"ix":5},"nm":"Transform"}],"nm":"Group 5","np":2,"cix":2,"bm":0,"ix":5,"mn":"ADBE Vector Group","hd":false},{"ty":"gr","it":[{"ind":0,"ty":"sh","ix":1,"ks":{"a":0,"k":{"i":[[0,0],[0,0],[0,0],[0,0],[0,0],[0,0]],"o":[[0,0],[0,0],[0,0],[0,0],[0,0],[0,0]],"v":[[457.585,-94.436],[457.585,-80.867],[-152.528,270.562],[-457.585,94.649],[-457.585,81.688],[152.527,-270.562]],"c":true},"ix":2},"nm":"Path 1","mn":"ADBE Vector Shape - Group","hd":false},{"ty":"fl","c":{"a":0,"k":[0.067487559599,0.222550680123,0.15442460004,1],"ix":4},"o":{"a":0,"k":100,"ix":5},"r":1,"bm":0,"nm":"Fill 1","mn":"ADBE Vector Graphic - Fill","hd":false},{"ty":"tr","p":{"a":0,"k":[473.113,285.257],"ix":2},"a":{"a":0,"k":[0,0],"ix":1},"s":{"a":0,"k":[100,100],"ix":3},"r":{"a":0,"k":0,"ix":6},"o":{"a":0,"k":100,"ix":7},"sk":{"a":0,"k":0,"ix":4},"sa":{"a":0,"k":0,"ix":5},"nm":"Transform"}],"nm":"Group 6","np":2,"cix":2,"bm":0,"ix":6,"mn":"ADBE Vector Group","hd":false}],"ip":2.00000008146167,"op":183.000007453743,"st":2.00000008146167,"bm":0},{"ddd":0,"ind":5,"ty":4,"nm":"BILL 2","sr":1,"ks":{"o":{"a":0,"k":100,"ix":11},"r":{"a":0,"k":0,"ix":10},"p":{"a":1,"k":[{"i":{"x":0.833,"y":1},"o":{"x":1,"y":0},"t":1,"s":[95,-30,0],"to":[0,23.85,0],"ti":[0,-23.85,0]},{"i":{"x":0.833,"y":0.833},"o":{"x":0.167,"y":0.167},"t":20,"s":[95,113.1,0],"to":[0,0,0],"ti":[0,0,0]},{"i":{"x":0.833,"y":0.833},"o":{"x":1,"y":0},"t":58,"s":[95,113.1,0],"to":[0,11.933,0],"ti":[0,-11.933,0]},{"t":73.000002973351,"s":[95,184.7,0]}],"ix":2},"a":{"a":0,"k":[473.5,285,0],"ix":1},"s":{"a":0,"k":[10.8,10.8,100],"ix":6}},"ao":0,"shapes":[{"ty":"gr","it":[{"ind":0,"ty":"sh","ix":1,"ks":{"a":0,"k":{"i":[[10.982,-6.401],[0,0],[0,0],[0,0],[15.433,-0.532],[13.383,4.268],[0,0],[-7.351,0.682],[-8.447,3.625],[11.901,4.3],[5.878,-0.291],[7.896,-2.544],[0,0],[13.763,-0.78],[11.442,4.135],[0.136,5.732],[-10.443,6.17],[0,0],[0,0],[0,0],[-13.923,0.367],[-12.189,-3.694],[0,0],[6.57,-0.468],[7.189,-3.085],[0.619,-2.617],[-5.492,-1.985],[-6.161,0.473],[-8.948,2.874],[0,0],[-13.3,0.521],[-11.444,-4.136],[0.043,-5.808]],"o":[[0,0],[0,0],[0,0],[-15.156,5.177],[-15.432,0.531],[0,0],[8.708,2.295],[7.352,-0.681],[15.455,-6.631],[-5.341,-1.931],[-5.877,0.291],[0,0],[-17.384,5.651],[-13.762,0.78],[-11.292,-4.08],[-0.136,-5.731],[0,0],[0,0],[0,0],[13.818,-4.241],[13.925,-0.367],[0,0],[-7.278,-2.062],[-6.568,0.466],[-6.649,2.854],[-0.619,2.618],[4.883,1.765],[6.16,-0.473],[0,0],[15.614,-5.012],[13.3,-0.521],[12.207,4.411],[-0.045,5.808]],"v":[[83.917,18.939],[105.43,26.714],[77.667,38.629],[56.61,31.019],[10.726,39.583],[-32.497,33.978],[-1.498,20.674],[22.59,23.093],[46.286,16.633],[51.616,0.235],[34.788,-2.224],[14.128,2.029],[-1.142,6.953],[-47.862,16.599],[-85.67,11.566],[-102.811,-3.152],[-87.349,-21.004],[-105.43,-27.538],[-77.666,-39.452],[-59.356,-32.836],[-17.745,-39.747],[21.425,-34.755],[-10.384,-21.105],[-31.157,-23.497],[-51.793,-18.17],[-62.695,-9.964],[-55.384,-3.06],[-38.818,-1.122],[-16.156,-6.143],[1.727,-11.828],[45.098,-20.127],[82.214,-14.705],[100.458,0.624]],"c":true},"ix":2},"nm":"Path 1","mn":"ADBE Vector Shape - Group","hd":false},{"ty":"fl","c":{"a":0,"k":[0.067487559599,0.222550680123,0.15442460004,1],"ix":4},"o":{"a":0,"k":100,"ix":5},"r":1,"bm":0,"nm":"Fill 1","mn":"ADBE Vector Graphic - Fill","hd":false},{"ty":"tr","p":{"a":0,"k":[475.192,279.277],"ix":2},"a":{"a":0,"k":[0,0],"ix":1},"s":{"a":0,"k":[100,100],"ix":3},"r":{"a":0,"k":0,"ix":6},"o":{"a":0,"k":100,"ix":7},"sk":{"a":0,"k":0,"ix":4},"sa":{"a":0,"k":0,"ix":5},"nm":"Transform"}],"nm":"Group 1","np":2,"cix":2,"bm":0,"ix":1,"mn":"ADBE Vector Group","hd":false},{"ty":"gr","it":[{"ind":0,"ty":"sh","ix":1,"ks":{"a":0,"k":{"i":[[8.756,-5.054],[10.112,5.838],[-8.758,5.054],[-10.111,-5.838]],"o":[[-8.757,5.057],[-10.111,-5.837],[8.757,-5.057],[10.112,5.838]],"v":[[-157.923,103.83],[-192.087,102.414],[-194.539,82.691],[-160.376,84.106]],"c":true},"ix":2},"nm":"Path 1","mn":"ADBE Vector Shape - Group","hd":false},{"ind":1,"ty":"sh","ix":2,"ks":{"a":0,"k":{"i":[[8.757,-5.055],[10.111,5.838],[-8.755,5.054],[-10.112,-5.837]],"o":[[-8.757,5.056],[-10.113,-5.84],[8.757,-5.057],[10.111,5.838]],"v":[[180.697,-91.265],[146.534,-92.681],[144.08,-112.405],[178.245,-110.99]],"c":true},"ix":2},"nm":"Path 2","mn":"ADBE Vector Shape - Group","hd":false},{"ind":2,"ty":"sh","ix":3,"ks":{"a":0,"k":{"i":[[0,0],[0.955,0.551],[15.308,-7.889],[0,0],[17.262,9.966],[0.904,0.454],[0,0],[-0.907,-0.524],[-15.303,7.904],[0,0],[-17.015,-9.824],[-1.049,-0.516]],"o":[[-0.862,-0.58],[-16.929,-9.775],[0,0],[14.576,-8.772],[-0.863,-0.498],[0,0],[0.822,0.55],[16.939,9.78],[0,0],[-13.897,8.821],[0.995,0.574],[0,0]],"v":[[-126.144,181.9],[-128.86,180.199],[-186.442,176.99],[-306.481,107.834],[-311.202,74.078],[-313.86,72.656],[126.729,-182.262],[129.313,-180.648],[186.921,-177.453],[307.234,-107.99],[312.578,-74.615],[315.65,-72.983]],"c":true},"ix":2},"nm":"Path 3","mn":"ADBE Vector Shape - Group","hd":false},{"ind":3,"ty":"sh","ix":4,"ks":{"a":0,"k":{"i":[[0,0],[0.174,0.1],[0.182,0.102],[0,0],[0,0],[0.046,-0.027],[0.047,-0.027],[0,0],[0,0],[0,0]],"o":[[-0.17,-0.102],[-0.18,-0.104],[0,0],[0,0],[-0.048,0.027],[-0.047,0.027],[0,0],[0,0],[0,0],[0,0]],"v":[[184.57,-211.953],[184.064,-212.259],[183.515,-212.562],[152.43,-230.494],[125.223,-214.782],[125.079,-214.704],[124.942,-214.62],[-399.355,88.153],[-152.333,230.494],[399.355,-88.051]],"c":true},"ix":2},"nm":"Path 4","mn":"ADBE Vector Shape - Group","hd":false},{"ty":"mm","mm":1,"nm":"Merge Paths 1","mn":"ADBE Vector Filter - Merge","hd":false},{"ty":"fl","c":{"a":0,"k":[0.995645500632,0.892091220033,0.726456406537,1],"ix":4},"o":{"a":0,"k":100,"ix":5},"r":1,"bm":0,"nm":"Fill 1","mn":"ADBE Vector Graphic - Fill","hd":false},{"ty":"tr","p":{"a":0,"k":[473.244,278.872],"ix":2},"a":{"a":0,"k":[0,0],"ix":1},"s":{"a":0,"k":[100,100],"ix":3},"r":{"a":0,"k":0,"ix":6},"o":{"a":0,"k":100,"ix":7},"sk":{"a":0,"k":0,"ix":4},"sa":{"a":0,"k":0,"ix":5},"nm":"Transform"}],"nm":"Group 2","np":6,"cix":2,"bm":0,"ix":2,"mn":"ADBE Vector Group","hd":false},{"ty":"gr","it":[{"ind":0,"ty":"sh","ix":1,"ks":{"a":0,"k":{"i":[[0,0],[0,0],[0,0],[0,0]],"o":[[0,0],[0,0],[0,0],[0,0]],"v":[[341.207,-87.838],[152.07,-197.037],[-341.207,88.366],[-152.574,197.037]],"c":true},"ix":2},"nm":"Path 1","mn":"ADBE Vector Shape - Group","hd":false},{"ty":"fl","c":{"a":0,"k":[0.30296681722,0.706208651674,0.490970117906,1],"ix":4},"o":{"a":0,"k":100,"ix":5},"r":1,"bm":0,"nm":"Fill 1","mn":"ADBE Vector Graphic - Fill","hd":false},{"ty":"tr","p":{"a":0,"k":[473.806,278.659],"ix":2},"a":{"a":0,"k":[0,0],"ix":1},"s":{"a":0,"k":[100,100],"ix":3},"r":{"a":0,"k":0,"ix":6},"o":{"a":0,"k":100,"ix":7},"sk":{"a":0,"k":0,"ix":4},"sa":{"a":0,"k":0,"ix":5},"nm":"Transform"}],"nm":"Group 3","np":2,"cix":2,"bm":0,"ix":3,"mn":"ADBE Vector Group","hd":false},{"ty":"gr","it":[{"ind":0,"ty":"sh","ix":1,"ks":{"a":0,"k":{"i":[[0,0],[0,0],[0,0],[0,0],[0,0]],"o":[[0,0],[0,0],[0,0],[0,0],[0,0]],"v":[[-345.844,152.548],[-457.585,87.958],[152.527,-264.291],[457.585,-88.166],[-152.528,264.291]],"c":true},"ix":2},"nm":"Path 1","mn":"ADBE Vector Shape - Group","hd":false},{"ty":"fl","c":{"a":0,"k":[0.213344244863,0.621888224284,0.390636788163,1],"ix":4},"o":{"a":0,"k":100,"ix":5},"r":1,"bm":0,"nm":"Fill 1","mn":"ADBE Vector Graphic - Fill","hd":false},{"ty":"tr","p":{"a":0,"k":[473.113,278.987],"ix":2},"a":{"a":0,"k":[0,0],"ix":1},"s":{"a":0,"k":[100,100],"ix":3},"r":{"a":0,"k":0,"ix":6},"o":{"a":0,"k":100,"ix":7},"sk":{"a":0,"k":0,"ix":4},"sa":{"a":0,"k":0,"ix":5},"nm":"Transform"}],"nm":"Group 4","np":2,"cix":2,"bm":0,"ix":4,"mn":"ADBE Vector Group","hd":false},{"ty":"gr","it":[{"ind":0,"ty":"sh","ix":1,"ks":{"a":0,"k":{"i":[[0,0],[0,0],[0,0],[0,0]],"o":[[0,0],[0,0],[0,0],[0,0]],"v":[[305.057,-182.499],[305.057,-168.93],[-305.056,182.499],[-305.056,169.958]],"c":true},"ix":2},"nm":"Path 1","mn":"ADBE Vector Shape - Group","hd":false},{"ty":"fl","c":{"a":0,"k":[0.126874721751,0.40214101754,0.263969780417,1],"ix":4},"o":{"a":0,"k":100,"ix":5},"r":1,"bm":0,"nm":"Fill 1","mn":"ADBE Vector Graphic - Fill","hd":false},{"ty":"tr","p":{"a":0,"k":[625.641,373.32],"ix":2},"a":{"a":0,"k":[0,0],"ix":1},"s":{"a":0,"k":[100,100],"ix":3},"r":{"a":0,"k":0,"ix":6},"o":{"a":0,"k":100,"ix":7},"sk":{"a":0,"k":0,"ix":4},"sa":{"a":0,"k":0,"ix":5},"nm":"Transform"}],"nm":"Group 5","np":2,"cix":2,"bm":0,"ix":5,"mn":"ADBE Vector Group","hd":false},{"ty":"gr","it":[{"ind":0,"ty":"sh","ix":1,"ks":{"a":0,"k":{"i":[[0,0],[0,0],[0,0],[0,0],[0,0],[0,0]],"o":[[0,0],[0,0],[0,0],[0,0],[0,0],[0,0]],"v":[[457.585,-94.436],[457.585,-80.867],[-152.528,270.562],[-457.585,94.649],[-457.585,81.688],[152.527,-270.562]],"c":true},"ix":2},"nm":"Path 1","mn":"ADBE Vector Shape - Group","hd":false},{"ty":"fl","c":{"a":0,"k":[0.067487559599,0.222550680123,0.15442460004,1],"ix":4},"o":{"a":0,"k":100,"ix":5},"r":1,"bm":0,"nm":"Fill 1","mn":"ADBE Vector Graphic - Fill","hd":false},{"ty":"tr","p":{"a":0,"k":[473.113,285.257],"ix":2},"a":{"a":0,"k":[0,0],"ix":1},"s":{"a":0,"k":[100,100],"ix":3},"r":{"a":0,"k":0,"ix":6},"o":{"a":0,"k":100,"ix":7},"sk":{"a":0,"k":0,"ix":4},"sa":{"a":0,"k":0,"ix":5},"nm":"Transform"}],"nm":"Group 6","np":2,"cix":2,"bm":0,"ix":6,"mn":"ADBE Vector Group","hd":false}],"ip":1.00000004073083,"op":182.000007413012,"st":1.00000004073083,"bm":0},{"ddd":0,"ind":6,"ty":4,"nm":"BILL","sr":1,"ks":{"o":{"a":0,"k":100,"ix":11},"r":{"a":0,"k":0,"ix":10},"p":{"a":1,"k":[{"i":{"x":0.833,"y":1},"o":{"x":1,"y":0},"t":0,"s":[95,-30,0],"to":[0,24.45,0],"ti":[0,-24.45,0]},{"i":{"x":0.833,"y":0.833},"o":{"x":0.167,"y":0.167},"t":19,"s":[95,116.7,0],"to":[0,0,0],"ti":[0,0,0]},{"i":{"x":0.833,"y":0.833},"o":{"x":1,"y":0},"t":57,"s":[95,116.7,0],"to":[0,11.333,0],"ti":[0,-11.333,0]},{"t":72.0000029326201,"s":[95,184.7,0]}],"ix":2},"a":{"a":0,"k":[473.5,285,0],"ix":1},"s":{"a":0,"k":[10.8,10.8,100],"ix":6}},"ao":0,"shapes":[{"ty":"gr","it":[{"ind":0,"ty":"sh","ix":1,"ks":{"a":0,"k":{"i":[[10.982,-6.401],[0,0],[0,0],[0,0],[15.433,-0.532],[13.383,4.268],[0,0],[-7.351,0.682],[-8.447,3.625],[11.901,4.3],[5.878,-0.291],[7.896,-2.544],[0,0],[13.763,-0.78],[11.442,4.135],[0.136,5.732],[-10.443,6.17],[0,0],[0,0],[0,0],[-13.923,0.367],[-12.189,-3.694],[0,0],[6.57,-0.468],[7.189,-3.085],[0.619,-2.617],[-5.492,-1.985],[-6.161,0.473],[-8.948,2.874],[0,0],[-13.3,0.521],[-11.444,-4.136],[0.043,-5.808]],"o":[[0,0],[0,0],[0,0],[-15.156,5.177],[-15.432,0.531],[0,0],[8.708,2.295],[7.352,-0.681],[15.455,-6.631],[-5.341,-1.931],[-5.877,0.291],[0,0],[-17.384,5.651],[-13.762,0.78],[-11.292,-4.08],[-0.136,-5.731],[0,0],[0,0],[0,0],[13.818,-4.241],[13.925,-0.367],[0,0],[-7.278,-2.062],[-6.568,0.466],[-6.649,2.854],[-0.619,2.618],[4.883,1.765],[6.16,-0.473],[0,0],[15.614,-5.012],[13.3,-0.521],[12.207,4.411],[-0.045,5.808]],"v":[[83.917,18.939],[105.43,26.714],[77.667,38.629],[56.61,31.019],[10.726,39.583],[-32.497,33.978],[-1.498,20.674],[22.59,23.093],[46.286,16.633],[51.616,0.235],[34.788,-2.224],[14.128,2.029],[-1.142,6.953],[-47.862,16.599],[-85.67,11.566],[-102.811,-3.152],[-87.349,-21.004],[-105.43,-27.538],[-77.666,-39.452],[-59.356,-32.836],[-17.745,-39.747],[21.425,-34.755],[-10.384,-21.105],[-31.157,-23.497],[-51.793,-18.17],[-62.695,-9.964],[-55.384,-3.06],[-38.818,-1.122],[-16.156,-6.143],[1.727,-11.828],[45.098,-20.127],[82.214,-14.705],[100.458,0.624]],"c":true},"ix":2},"nm":"Path 1","mn":"ADBE Vector Shape - Group","hd":false},{"ty":"fl","c":{"a":0,"k":[0.067487559599,0.222550680123,0.15442460004,1],"ix":4},"o":{"a":0,"k":100,"ix":5},"r":1,"bm":0,"nm":"Fill 1","mn":"ADBE Vector Graphic - Fill","hd":false},{"ty":"tr","p":{"a":0,"k":[475.192,279.277],"ix":2},"a":{"a":0,"k":[0,0],"ix":1},"s":{"a":0,"k":[100,100],"ix":3},"r":{"a":0,"k":0,"ix":6},"o":{"a":0,"k":100,"ix":7},"sk":{"a":0,"k":0,"ix":4},"sa":{"a":0,"k":0,"ix":5},"nm":"Transform"}],"nm":"Group 1","np":2,"cix":2,"bm":0,"ix":1,"mn":"ADBE Vector Group","hd":false},{"ty":"gr","it":[{"ind":0,"ty":"sh","ix":1,"ks":{"a":0,"k":{"i":[[8.756,-5.054],[10.112,5.838],[-8.758,5.054],[-10.111,-5.838]],"o":[[-8.757,5.057],[-10.111,-5.837],[8.757,-5.057],[10.112,5.838]],"v":[[-157.923,103.83],[-192.087,102.414],[-194.539,82.691],[-160.376,84.106]],"c":true},"ix":2},"nm":"Path 1","mn":"ADBE Vector Shape - Group","hd":false},{"ind":1,"ty":"sh","ix":2,"ks":{"a":0,"k":{"i":[[8.757,-5.055],[10.111,5.838],[-8.755,5.054],[-10.112,-5.837]],"o":[[-8.757,5.056],[-10.113,-5.84],[8.757,-5.057],[10.111,5.838]],"v":[[180.697,-91.265],[146.534,-92.681],[144.08,-112.405],[178.245,-110.99]],"c":true},"ix":2},"nm":"Path 2","mn":"ADBE Vector Shape - Group","hd":false},{"ind":2,"ty":"sh","ix":3,"ks":{"a":0,"k":{"i":[[0,0],[0.955,0.551],[15.308,-7.889],[0,0],[17.262,9.966],[0.904,0.454],[0,0],[-0.907,-0.524],[-15.303,7.904],[0,0],[-17.015,-9.824],[-1.049,-0.516]],"o":[[-0.862,-0.58],[-16.929,-9.775],[0,0],[14.576,-8.772],[-0.863,-0.498],[0,0],[0.822,0.55],[16.939,9.78],[0,0],[-13.897,8.821],[0.995,0.574],[0,0]],"v":[[-126.144,181.9],[-128.86,180.199],[-186.442,176.99],[-306.481,107.834],[-311.202,74.078],[-313.86,72.656],[126.729,-182.262],[129.313,-180.648],[186.921,-177.453],[307.234,-107.99],[312.578,-74.615],[315.65,-72.983]],"c":true},"ix":2},"nm":"Path 3","mn":"ADBE Vector Shape - Group","hd":false},{"ind":3,"ty":"sh","ix":4,"ks":{"a":0,"k":{"i":[[0,0],[0.174,0.1],[0.182,0.102],[0,0],[0,0],[0.046,-0.027],[0.047,-0.027],[0,0],[0,0],[0,0]],"o":[[-0.17,-0.102],[-0.18,-0.104],[0,0],[0,0],[-0.048,0.027],[-0.047,0.027],[0,0],[0,0],[0,0],[0,0]],"v":[[184.57,-211.953],[184.064,-212.259],[183.515,-212.562],[152.43,-230.494],[125.223,-214.782],[125.079,-214.704],[124.942,-214.62],[-399.355,88.153],[-152.333,230.494],[399.355,-88.051]],"c":true},"ix":2},"nm":"Path 4","mn":"ADBE Vector Shape - Group","hd":false},{"ty":"mm","mm":1,"nm":"Merge Paths 1","mn":"ADBE Vector Filter - Merge","hd":false},{"ty":"fl","c":{"a":0,"k":[0.995645500632,0.892091220033,0.726456406537,1],"ix":4},"o":{"a":0,"k":100,"ix":5},"r":1,"bm":0,"nm":"Fill 1","mn":"ADBE Vector Graphic - Fill","hd":false},{"ty":"tr","p":{"a":0,"k":[473.244,278.872],"ix":2},"a":{"a":0,"k":[0,0],"ix":1},"s":{"a":0,"k":[100,100],"ix":3},"r":{"a":0,"k":0,"ix":6},"o":{"a":0,"k":100,"ix":7},"sk":{"a":0,"k":0,"ix":4},"sa":{"a":0,"k":0,"ix":5},"nm":"Transform"}],"nm":"Group 2","np":6,"cix":2,"bm":0,"ix":2,"mn":"ADBE Vector Group","hd":false},{"ty":"gr","it":[{"ind":0,"ty":"sh","ix":1,"ks":{"a":0,"k":{"i":[[0,0],[0,0],[0,0],[0,0]],"o":[[0,0],[0,0],[0,0],[0,0]],"v":[[341.207,-87.838],[152.07,-197.037],[-341.207,88.366],[-152.574,197.037]],"c":true},"ix":2},"nm":"Path 1","mn":"ADBE Vector Shape - Group","hd":false},{"ty":"fl","c":{"a":0,"k":[0.30296681722,0.706208651674,0.490970117906,1],"ix":4},"o":{"a":0,"k":100,"ix":5},"r":1,"bm":0,"nm":"Fill 1","mn":"ADBE Vector Graphic - Fill","hd":false},{"ty":"tr","p":{"a":0,"k":[473.806,278.659],"ix":2},"a":{"a":0,"k":[0,0],"ix":1},"s":{"a":0,"k":[100,100],"ix":3},"r":{"a":0,"k":0,"ix":6},"o":{"a":0,"k":100,"ix":7},"sk":{"a":0,"k":0,"ix":4},"sa":{"a":0,"k":0,"ix":5},"nm":"Transform"}],"nm":"Group 3","np":2,"cix":2,"bm":0,"ix":3,"mn":"ADBE Vector Group","hd":false},{"ty":"gr","it":[{"ind":0,"ty":"sh","ix":1,"ks":{"a":0,"k":{"i":[[0,0],[0,0],[0,0],[0,0],[0,0]],"o":[[0,0],[0,0],[0,0],[0,0],[0,0]],"v":[[-345.844,152.548],[-457.585,87.958],[152.527,-264.291],[457.585,-88.166],[-152.528,264.291]],"c":true},"ix":2},"nm":"Path 1","mn":"ADBE Vector Shape - Group","hd":false},{"ty":"fl","c":{"a":0,"k":[0.213344244863,0.621888224284,0.390636788163,1],"ix":4},"o":{"a":0,"k":100,"ix":5},"r":1,"bm":0,"nm":"Fill 1","mn":"ADBE Vector Graphic - Fill","hd":false},{"ty":"tr","p":{"a":0,"k":[473.113,278.987],"ix":2},"a":{"a":0,"k":[0,0],"ix":1},"s":{"a":0,"k":[100,100],"ix":3},"r":{"a":0,"k":0,"ix":6},"o":{"a":0,"k":100,"ix":7},"sk":{"a":0,"k":0,"ix":4},"sa":{"a":0,"k":0,"ix":5},"nm":"Transform"}],"nm":"Group 4","np":2,"cix":2,"bm":0,"ix":4,"mn":"ADBE Vector Group","hd":false},{"ty":"gr","it":[{"ind":0,"ty":"sh","ix":1,"ks":{"a":0,"k":{"i":[[0,0],[0,0],[0,0],[0,0]],"o":[[0,0],[0,0],[0,0],[0,0]],"v":[[305.057,-182.499],[305.057,-168.93],[-305.056,182.499],[-305.056,169.958]],"c":true},"ix":2},"nm":"Path 1","mn":"ADBE Vector Shape - Group","hd":false},{"ty":"fl","c":{"a":0,"k":[0.126874721751,0.40214101754,0.263969780417,1],"ix":4},"o":{"a":0,"k":100,"ix":5},"r":1,"bm":0,"nm":"Fill 1","mn":"ADBE Vector Graphic - Fill","hd":false},{"ty":"tr","p":{"a":0,"k":[625.641,373.32],"ix":2},"a":{"a":0,"k":[0,0],"ix":1},"s":{"a":0,"k":[100,100],"ix":3},"r":{"a":0,"k":0,"ix":6},"o":{"a":0,"k":100,"ix":7},"sk":{"a":0,"k":0,"ix":4},"sa":{"a":0,"k":0,"ix":5},"nm":"Transform"}],"nm":"Group 5","np":2,"cix":2,"bm":0,"ix":5,"mn":"ADBE Vector Group","hd":false},{"ty":"gr","it":[{"ind":0,"ty":"sh","ix":1,"ks":{"a":0,"k":{"i":[[0,0],[0,0],[0,0],[0,0],[0,0],[0,0]],"o":[[0,0],[0,0],[0,0],[0,0],[0,0],[0,0]],"v":[[457.585,-94.436],[457.585,-80.867],[-152.528,270.562],[-457.585,94.649],[-457.585,81.688],[152.527,-270.562]],"c":true},"ix":2},"nm":"Path 1","mn":"ADBE Vector Shape - Group","hd":false},{"ty":"fl","c":{"a":0,"k":[0.067487559599,0.222550680123,0.15442460004,1],"ix":4},"o":{"a":0,"k":100,"ix":5},"r":1,"bm":0,"nm":"Fill 1","mn":"ADBE Vector Graphic - Fill","hd":false},{"ty":"tr","p":{"a":0,"k":[473.113,285.257],"ix":2},"a":{"a":0,"k":[0,0],"ix":1},"s":{"a":0,"k":[100,100],"ix":3},"r":{"a":0,"k":0,"ix":6},"o":{"a":0,"k":100,"ix":7},"sk":{"a":0,"k":0,"ix":4},"sa":{"a":0,"k":0,"ix":5},"nm":"Transform"}],"nm":"Group 6","np":2,"cix":2,"bm":0,"ix":6,"mn":"ADBE Vector Group","hd":false}],"ip":0,"op":181.000007372281,"st":0,"bm":0},{"ddd":0,"ind":8,"ty":4,"nm":"Shape Layer 4","sr":1,"ks":{"o":{"a":0,"k":100,"ix":11},"r":{"a":0,"k":-30,"ix":10},"p":{"a":0,"k":[95.5,133.25,0],"ix":2},"a":{"a":0,"k":[0.5,58.25,0],"ix":1},"s":{"a":0,"k":[100,100,100],"ix":6}},"ao":0,"shapes":[{"ty":"gr","it":[{"ind":0,"ty":"sh","ix":1,"ks":{"a":1,"k":[{"i":{"x":0.833,"y":0.833},"o":{"x":0.167,"y":0.167},"t":22,"s":[{"i":[[0,0],[0,0]],"o":[[0,0],[0,0]],"v":[[0.5,3.75],[0.5,8.75]],"c":false}]},{"i":{"x":0.196,"y":1},"o":{"x":0.167,"y":0.167},"t":26,"s":[{"i":[[0,0],[0,0]],"o":[[0,0],[0,0]],"v":[[0.5,-17.75],[0.5,8.75]],"c":false}]},{"t":34.0000013848484,"s":[{"i":[[0,0],[0,0]],"o":[[0,0],[0,0]],"v":[[0.5,-17.75],[0.5,-17.5]],"c":false}]}],"ix":2},"nm":"Path 1","mn":"ADBE Vector Shape - Group","hd":false},{"ty":"st","c":{"a":0,"k":[1,0.568627476692,0,1],"ix":3},"o":{"a":0,"k":100,"ix":4},"w":{"a":0,"k":6,"ix":5},"lc":2,"lj":1,"ml":4,"bm":0,"nm":"Stroke 2","mn":"ADBE Vector Graphic - Stroke","hd":false},{"ty":"tr","p":{"a":1,"k":[{"i":{"x":0.833,"y":0.833},"o":{"x":0.167,"y":0.167},"t":22,"s":[0,40],"to":[0,-8.667],"ti":[0,15]},{"i":{"x":0.196,"y":1},"o":{"x":0.167,"y":0.167},"t":26,"s":[0,-12],"to":[0,-15],"ti":[0,6.333]},{"t":34.0000013848484,"s":[0,-50]}],"ix":2},"a":{"a":0,"k":[0,0],"ix":1},"s":{"a":0,"k":[100,100],"ix":3},"r":{"a":0,"k":0,"ix":6},"o":{"a":0,"k":100,"ix":7},"sk":{"a":0,"k":0,"ix":4},"sa":{"a":0,"k":0,"ix":5},"nm":"Transform"}],"nm":"Shape 1","np":2,"cix":2,"bm":0,"ix":1,"mn":"ADBE Vector Group","hd":false}],"ip":22.0000008960784,"op":34.0000013848484,"st":2.00000008146167,"bm":0},{"ddd":0,"ind":9,"ty":4,"nm":"Shape Layer 3","sr":1,"ks":{"o":{"a":0,"k":100,"ix":11},"r":{"a":0,"k":-15,"ix":10},"p":{"a":0,"k":[95.5,133.25,0],"ix":2},"a":{"a":0,"k":[0.5,58.25,0],"ix":1},"s":{"a":0,"k":[100,100,100],"ix":6}},"ao":0,"shapes":[{"ty":"gr","it":[{"ind":0,"ty":"sh","ix":1,"ks":{"a":1,"k":[{"i":{"x":0.833,"y":0.833},"o":{"x":0.167,"y":0.167},"t":21,"s":[{"i":[[0,0],[0,0]],"o":[[0,0],[0,0]],"v":[[0.5,3.75],[0.5,8.75]],"c":false}]},{"i":{"x":0.196,"y":1},"o":{"x":0.167,"y":0.167},"t":25,"s":[{"i":[[0,0],[0,0]],"o":[[0,0],[0,0]],"v":[[0.5,-17.75],[0.5,8.75]],"c":false}]},{"t":34.0000013848484,"s":[{"i":[[0,0],[0,0]],"o":[[0,0],[0,0]],"v":[[0.5,-17.75],[0.5,-17.5]],"c":false}]}],"ix":2},"nm":"Path 1","mn":"ADBE Vector Shape - Group","hd":false},{"ty":"st","c":{"a":0,"k":[1,0.568627476692,0,1],"ix":3},"o":{"a":0,"k":100,"ix":4},"w":{"a":0,"k":6,"ix":5},"lc":2,"lj":1,"ml":4,"bm":0,"nm":"Stroke 2","mn":"ADBE Vector Graphic - Stroke","hd":false},{"ty":"tr","p":{"a":1,"k":[{"i":{"x":0.833,"y":0.833},"o":{"x":0.167,"y":0.167},"t":21,"s":[0,40],"to":[0,-8.667],"ti":[0,15]},{"i":{"x":0.196,"y":1},"o":{"x":0.167,"y":0.167},"t":25,"s":[0,-12],"to":[0,-15],"ti":[0,6.333]},{"t":34.0000013848484,"s":[0,-50]}],"ix":2},"a":{"a":0,"k":[0,0],"ix":1},"s":{"a":0,"k":[100,100],"ix":3},"r":{"a":0,"k":0,"ix":6},"o":{"a":0,"k":100,"ix":7},"sk":{"a":0,"k":0,"ix":4},"sa":{"a":0,"k":0,"ix":5},"nm":"Transform"}],"nm":"Shape 1","np":2,"cix":2,"bm":0,"ix":1,"mn":"ADBE Vector Group","hd":false}],"ip":21.0000008553475,"op":34.0000013848484,"st":1.00000004073083,"bm":0},{"ddd":0,"ind":10,"ty":4,"nm":"Shape Layer 5","sr":1,"ks":{"o":{"a":0,"k":100,"ix":11},"r":{"a":0,"k":30,"ix":10},"p":{"a":0,"k":[95.5,133.25,0],"ix":2},"a":{"a":0,"k":[0.5,58.25,0],"ix":1},"s":{"a":0,"k":[100,100,100],"ix":6}},"ao":0,"shapes":[{"ty":"gr","it":[{"ind":0,"ty":"sh","ix":1,"ks":{"a":1,"k":[{"i":{"x":0.833,"y":0.833},"o":{"x":0.167,"y":0.167},"t":22,"s":[{"i":[[0,0],[0,0]],"o":[[0,0],[0,0]],"v":[[0.5,3.75],[0.5,8.75]],"c":false}]},{"i":{"x":0.196,"y":1},"o":{"x":0.167,"y":0.167},"t":26,"s":[{"i":[[0,0],[0,0]],"o":[[0,0],[0,0]],"v":[[0.5,-17.75],[0.5,8.75]],"c":false}]},{"t":34.0000013848484,"s":[{"i":[[0,0],[0,0]],"o":[[0,0],[0,0]],"v":[[0.5,-17.75],[0.5,-17.5]],"c":false}]}],"ix":2},"nm":"Path 1","mn":"ADBE Vector Shape - Group","hd":false},{"ty":"st","c":{"a":0,"k":[1,0.568627476692,0,1],"ix":3},"o":{"a":0,"k":100,"ix":4},"w":{"a":0,"k":6,"ix":5},"lc":2,"lj":1,"ml":4,"bm":0,"nm":"Stroke 2","mn":"ADBE Vector Graphic - Stroke","hd":false},{"ty":"tr","p":{"a":1,"k":[{"i":{"x":0.833,"y":0.833},"o":{"x":0.167,"y":0.167},"t":22,"s":[0,40],"to":[0,-8.667],"ti":[0,15]},{"i":{"x":0.196,"y":1},"o":{"x":0.167,"y":0.167},"t":26,"s":[0,-12],"to":[0,-15],"ti":[0,6.333]},{"t":34.0000013848484,"s":[0,-50]}],"ix":2},"a":{"a":0,"k":[0,0],"ix":1},"s":{"a":0,"k":[100,100],"ix":3},"r":{"a":0,"k":0,"ix":6},"o":{"a":0,"k":100,"ix":7},"sk":{"a":0,"k":0,"ix":4},"sa":{"a":0,"k":0,"ix":5},"nm":"Transform"}],"nm":"Shape 1","np":2,"cix":2,"bm":0,"ix":1,"mn":"ADBE Vector Group","hd":false}],"ip":22.0000008960784,"op":34.0000013848484,"st":2.00000008146167,"bm":0},{"ddd":0,"ind":11,"ty":4,"nm":"Shape Layer 2","sr":1,"ks":{"o":{"a":0,"k":100,"ix":11},"r":{"a":0,"k":15,"ix":10},"p":{"a":0,"k":[95.5,133.25,0],"ix":2},"a":{"a":0,"k":[0.5,58.25,0],"ix":1},"s":{"a":0,"k":[100,100,100],"ix":6}},"ao":0,"shapes":[{"ty":"gr","it":[{"ind":0,"ty":"sh","ix":1,"ks":{"a":1,"k":[{"i":{"x":0.833,"y":0.833},"o":{"x":0.167,"y":0.167},"t":21,"s":[{"i":[[0,0],[0,0]],"o":[[0,0],[0,0]],"v":[[0.5,3.75],[0.5,8.75]],"c":false}]},{"i":{"x":0.196,"y":1},"o":{"x":0.167,"y":0.167},"t":25,"s":[{"i":[[0,0],[0,0]],"o":[[0,0],[0,0]],"v":[[0.5,-17.75],[0.5,8.75]],"c":false}]},{"t":34.0000013848484,"s":[{"i":[[0,0],[0,0]],"o":[[0,0],[0,0]],"v":[[0.5,-17.75],[0.5,-17.5]],"c":false}]}],"ix":2},"nm":"Path 1","mn":"ADBE Vector Shape - Group","hd":false},{"ty":"st","c":{"a":0,"k":[1,0.568627476692,0,1],"ix":3},"o":{"a":0,"k":100,"ix":4},"w":{"a":0,"k":6,"ix":5},"lc":2,"lj":1,"ml":4,"bm":0,"nm":"Stroke 2","mn":"ADBE Vector Graphic - Stroke","hd":false},{"ty":"tr","p":{"a":1,"k":[{"i":{"x":0.833,"y":0.833},"o":{"x":0.167,"y":0.167},"t":21,"s":[0,40],"to":[0,-8.667],"ti":[0,15]},{"i":{"x":0.196,"y":1},"o":{"x":0.167,"y":0.167},"t":25,"s":[0,-12],"to":[0,-15],"ti":[0,6.333]},{"t":34.0000013848484,"s":[0,-50]}],"ix":2},"a":{"a":0,"k":[0,0],"ix":1},"s":{"a":0,"k":[100,100],"ix":3},"r":{"a":0,"k":0,"ix":6},"o":{"a":0,"k":100,"ix":7},"sk":{"a":0,"k":0,"ix":4},"sa":{"a":0,"k":0,"ix":5},"nm":"Transform"}],"nm":"Shape 1","np":2,"cix":2,"bm":0,"ix":1,"mn":"ADBE Vector Group","hd":false}],"ip":21.0000008553475,"op":34.0000013848484,"st":1.00000004073083,"bm":0},{"ddd":0,"ind":12,"ty":4,"nm":"Shape Layer 1","sr":1,"ks":{"o":{"a":0,"k":100,"ix":11},"r":{"a":0,"k":0,"ix":10},"p":{"a":0,"k":[95.5,133.25,0],"ix":2},"a":{"a":0,"k":[0.5,58.25,0],"ix":1},"s":{"a":0,"k":[100,100,100],"ix":6}},"ao":0,"shapes":[{"ty":"gr","it":[{"ind":0,"ty":"sh","ix":1,"ks":{"a":1,"k":[{"i":{"x":0.833,"y":0.833},"o":{"x":0.167,"y":0.167},"t":20,"s":[{"i":[[0,0],[0,0]],"o":[[0,0],[0,0]],"v":[[0.5,3.75],[0.5,8.75]],"c":false}]},{"i":{"x":0.196,"y":1},"o":{"x":0.167,"y":0.167},"t":24,"s":[{"i":[[0,0],[0,0]],"o":[[0,0],[0,0]],"v":[[0.5,-17.75],[0.5,8.75]],"c":false}]},{"t":34.0000013848484,"s":[{"i":[[0,0],[0,0]],"o":[[0,0],[0,0]],"v":[[0.5,-17.75],[0.5,-17.5]],"c":false}]}],"ix":2},"nm":"Path 1","mn":"ADBE Vector Shape - Group","hd":false},{"ty":"st","c":{"a":0,"k":[1,0.568627476692,0,1],"ix":3},"o":{"a":0,"k":100,"ix":4},"w":{"a":0,"k":6,"ix":5},"lc":2,"lj":1,"ml":4,"bm":0,"nm":"Stroke 2","mn":"ADBE Vector Graphic - Stroke","hd":false},{"ty":"tr","p":{"a":1,"k":[{"i":{"x":0.833,"y":0.833},"o":{"x":0.167,"y":0.167},"t":20,"s":[0,40],"to":[0,-8.667],"ti":[0,15]},{"i":{"x":0.196,"y":1},"o":{"x":0.167,"y":0.167},"t":24,"s":[0,-12],"to":[0,-15],"ti":[0,6.333]},{"t":34.0000013848484,"s":[0,-50]}],"ix":2},"a":{"a":0,"k":[0,0],"ix":1},"s":{"a":0,"k":[100,100],"ix":3},"r":{"a":0,"k":0,"ix":6},"o":{"a":0,"k":100,"ix":7},"sk":{"a":0,"k":0,"ix":4},"sa":{"a":0,"k":0,"ix":5},"nm":"Transform"}],"nm":"Shape 1","np":2,"cix":2,"bm":0,"ix":1,"mn":"ADBE Vector Group","hd":false}],"ip":20.0000008146167,"op":34.0000013848484,"st":0,"bm":0}],"markers":[{"tm":0,"cm":"1","dr":0}]}